ProjectAccession,InclusionReason
PXD042282,mzIdentml 1.1.0
PXD043595,mzIdentml 1.1.0
PXD051742,mix of 1.1.0 and 1.2.0. For 1.2.0 files “SpectrumIdFormatError: MS:1000776 not supported for mzML!”
PXD061667,"Invalid 1.2.0 from xiFDR v 2.3.2. Empty CV params, e.g. line 1774."
PXD063329,mzIdentml 1.1.0
PXD064792,"large blocks of garbage in mzid, e.g. line 8998 and following of 651005_r1_BCOR_A_WT_IP.mzid"
PXD065365,mzIdentml 1.1.0
PXD065516,invalid -1 for link site of non-cov in T8_15_combined.mzid
PXD065858,schema invalid xiFDR ouput – e.g. empty cv param on line 1303 of E250221_AMC_rpn1_IP_C1_IV_Dose_pepSEC_A3toB6_ReSearchWithPeaks_Xi1.8_filt_PSU_OR_5SU_BTWNS.mzid
PXD065859,schema invalid xiFDR ouput – ln.103 E250317_AMC_HSA_C1_IV_Enriched_Uncleaved_pepSEC_A4toB6_ReSearchedWithPeaks_Xi1.8.annotations_filt_PS_OR_3S.mzid
PXD065869,duplicate
PXD065870,schema invalid xiFDR ouput – ln. 108 E240906_AMC_HSA_VSD_IV_pepSEC_A5toB6_Xi1.8_ManFilt_3CC_5Tot.mzid
PXD004473,"Missing Seq, but is valid. (Also no FASTA to get Seq’s from?)"
PXD005786,SEQUEST mzid 1.1.0 – blocks of garbage again
PXD008680,refers to non-existent mgf files (e.g. 010714 CytoD Neo ExpC.mgf)
PXD012759,1.1.0 (valid)
PXD014359,"Mzid 1.2.0 from OpenPepXL, SpectraData says file format is mzml but location point to .raw file"
PXD014520,"Mzid 1.2.0 from OpenPepXL (names of some dir’s make it look like xiSearch), SpectraData says file format is mzml but location point to .raw file"
PXD014523,"File xQuest_BSA_PDH_HCD.mzid is schema invalid. Error: Element '{http://psidev.info/psi/pi/mzIdentML/1.2}cvParam': No match found for key-sequence ['MS'] of keyref '{http://psidev.info/psi/pi/mzIdentML/1.2}FK_CVlist5'., Line: 5044"
PXD015037,Something wrong with spectra referencing? It doesn’t find the spectra in the peak list file?
PXD018935,SpectrumIdFormatError: MS:1000776 not supported for mzML!
PXD026603,Error reading peak list file GPR158-RGS7-Gb5_CONSENSUS.mzML: FileNotFoundError. All peaklists missing?
PXD027655,Missing peak lists
PXD001677,"Validating file result_DynamicDBReduction_Plus_Report_Ions.mzid. | Sorry, we're only supporting 1.2.0 and 1.3.0 (the ones that contain crosslinks). Rejected schema file: mzIdentML1.1.0.xsd | File result_DynamicDBReduction_Plus_Report_Ions.mzid is schema invalid."
PXD003718,"Validating file Bait_ORF102108andwildtype_scaffold_mascot_giardia.mzid. | Sorry, we're only supporting 1.2.0 and 1.3.0 (the ones that contain crosslinks). Rejected schema file: mzIdentML1.1.0.xsd | File Bait_ORF102108andwildtype_scaffold_mascot_giardia.mzid is schema invalid."
PXD004583,"Validating file 20131210sr_5587_wt_rev_2F192202.mzid. | Sorry, we're only supporting 1.2.0 and 1.3.0 (the ones that contain crosslinks). Rejected schema file: mzIdentML1.1.0.xsd | File 20131210sr_5587_wt_rev_2F192202.mzid is schema invalid."
PXD004722,"Validating file p2.mzid. | Sorry, we're only supporting 1.2.0 and 1.3.0 (the ones that contain crosslinks). Rejected schema file: mzIdentML1.1.0.xsd | File p2.mzid is schema invalid."
PXD006574,"Validating file dimerResultsToPRIDE.mzid. | Sorry, we're only supporting 1.2.0 and 1.3.0 (the ones that contain crosslinks). Rejected schema file: mzIdentML1.1.0.xsd | File dimerResultsToPRIDE.mzid is schema invalid."
PXD006938,"Validating file 2_NFS1-Fxn-IscU_MarkleyF016506.mzid. | Sorry, we're only supporting 1.2.0 and 1.3.0 (the ones that contain crosslinks). Rejected schema file: mzIdentML1.1.0.xsd | File 2_NFS1-Fxn-IscU_MarkleyF016506.mzid is schema invalid."
PXD007716,"Validating file F074077.mzid. | Sorry, we're only supporting 1.2.0 and 1.3.0 (the ones that contain crosslinks). Rejected schema file: mzIdentML1.1.0.xsd | File F074077.mzid is schema invalid."
PXD007836,"Validating file peptides_1_1_0.mzid. | Sorry, we're only supporting 1.2.0 and 1.3.0 (the ones that contain crosslinks). Rejected schema file: mzIdentML1.1.0.xsd | File peptides_1_1_0.mzid is schema invalid."
PXD009641,"Validating file ID15074_01_E749_3008_120414F054531.mzid. | Sorry, we're only supporting 1.2.0 and 1.3.0 (the ones that contain crosslinks). Rejected schema file: mzIdentML1.1.0.xsd | File ID15074_01_E749_3008_120414F054531.mzid is schema invalid."
PXD012225,"Validating file Mudpit_20181104_AIssaian_Clot_Frac_xLink_6_HCDFTF101833.mzid. | Sorry, we're only supporting 1.2.0 and 1.3.0 (the ones that contain crosslinks). Rejected schema file: mzIdentML1.1.0.xsd | File Mudpit_20181104_AIssaian_Clot_Frac_xLink_6_HCDFTF101833.mzid is schema invalid."
PXD012466,Validating file mapeixiang-NSSO-3.mzid. | No schema location found in the XML document. | File mapeixiang-NSSO-3.mzid is schema invalid.
PXD013890,"Validating file 20151203lc_8000_7723_8F228853.mzid. | Sorry, we're only supporting 1.2.0 and 1.3.0 (the ones that contain crosslinks). Rejected schema file: mzIdentML1.1.0.xsd | File 20151203lc_8000_7723_8F228853.mzid is schema invalid."
PXD013896,"Validating file 20170823lc_9968_17195_3F255986.mzid. | Sorry, we're only supporting 1.2.0 and 1.3.0 (the ones that contain crosslinks). Rejected schema file: mzIdentML1.1.0.xsd | File 20170823lc_9968_17195_3F255986.mzid is schema invalid."
PXD013897,"Validating file 20170907lc_10007_16653_01F256519.mzid. | Sorry, we're only supporting 1.2.0 and 1.3.0 (the ones that contain crosslinks). Rejected schema file: mzIdentML1.1.0.xsd | File 20170907lc_10007_16653_01F256519.mzid is schema invalid."
PXD013899,"Validating file 20160108lc_8081_42357_3F229977.mzid. | Sorry, we're only supporting 1.2.0 and 1.3.0 (the ones that contain crosslinks). Rejected schema file: mzIdentML1.1.0.xsd | File 20160108lc_8081_42357_3F229977.mzid is schema invalid."
PXD014142,"Validating file GPM00500045195.mzid. | Sorry, we're only supporting 1.2.0 and 1.3.0 (the ones that contain crosslinks). Rejected schema file: mzIdentML1.1.0.xsd | File GPM00500045195.mzid is schema invalid."
PXD014821,"Validating file 16_TG3_3frags_deltaBy4_2linkFDR.mzid. | Sorry, we're only supporting 1.2.0 and 1.3.0 (the ones that contain crosslinks). Rejected schema file: mzIdentML1.1.0.xsd | File 16_TG3_3frags_deltaBy4_2linkFDR.mzid is schema invalid."
PXD016224,"Validating file 190530_JJanetzko_Kobilika_05_rep_01_Slot2-32_01_4248.d_20191107_Byonic.mzid. | Sorry, we're only supporting 1.2.0 and 1.3.0 (the ones that contain crosslinks). Rejected schema file: mzIdentML1.1.0.xsd | File 190530_JJanetzko_Kobilika_05_rep_01_Slot2-32_01_4248.d_20191107_Byonic.mzid ..."
PXD016442,"Validating file 20190124rs_11676_HA10299_4F272362.mzid. | Sorry, we're only supporting 1.2.0 and 1.3.0 (the ones that contain crosslinks). Rejected schema file: mzIdentML1.1.0.xsd | File 20190124rs_11676_HA10299_4F272362.mzid is schema invalid."
PXD016446,"Validating file 20180911rs_11287_WB_5F268353.mzid. | Sorry, we're only supporting 1.2.0 and 1.3.0 (the ones that contain crosslinks). Rejected schema file: mzIdentML1.1.0.xsd | File 20180911rs_11287_WB_5F268353.mzid is schema invalid."
PXD016448,"Validating file 20190819_rs_12428_VPS25_4_H_FTHCDF279704.mzid. | Sorry, we're only supporting 1.2.0 and 1.3.0 (the ones that contain crosslinks). Rejected schema file: mzIdentML1.1.0.xsd | File 20190819_rs_12428_VPS25_4_H_FTHCDF279704.mzid is schema invalid."
PXD016487,"Validating file 20180625rs_HA_CHMP7_10F265662.mzid. | Sorry, we're only supporting 1.2.0 and 1.3.0 (the ones that contain crosslinks). Rejected schema file: mzIdentML1.1.0.xsd | File 20180625rs_HA_CHMP7_10F265662.mzid is schema invalid."
PXD017290,"Validating file Mudpit_MassSpectrumF001689.mzid. | Sorry, we're only supporting 1.2.0 and 1.3.0 (the ones that contain crosslinks). Rejected schema file: mzIdentML1.1.0.xsd | File Mudpit_MassSpectrumF001689.mzid is schema invalid."
PXD017792,"Validating file XLE1aE2o.mzid. | Sorry, we're only supporting 1.2.0 and 1.3.0 (the ones that contain crosslinks). Rejected schema file: mzIdentML1.1.0.xsd | File XLE1aE2o.mzid is schema invalid."
PXD017873,"Validating file 20200302_072815_PBS_X02_02.raw.mzid. | Sorry, we're only supporting 1.2.0 and 1.3.0 (the ones that contain crosslinks). Rejected schema file: mzIdentML1.1.0.xsd | File 20200302_072815_PBS_X02_02.raw.mzid is schema invalid."
PXD018291,Validating file pDSPE-Ecoli-chargestate-3-7.mzid. | No schema location found in the XML document. | File pDSPE-Ecoli-chargestate-3-7.mzid is schema invalid.
PXD018701,"Validating file 171204_A10.mzid. | Sorry, we're only supporting 1.2.0 and 1.3.0 (the ones that contain crosslinks). Rejected schema file: mzIdentML1.1.0.xsd | File 171204_A10.mzid is schema invalid."
PXD019017,Validating file TRY_AMPK_DSSO_XL-MS.mzid. | No schema location found in the XML document. | File TRY_AMPK_DSSO_XL-MS.mzid is schema invalid.
PXD019713,Validating file mapx_xlink_16.mzid. | No schema location found in the XML document. | File mapx_xlink_16.mzid is schema invalid.
PXD019771,"Validating file 190910_A6.mzid. | Sorry, we're only supporting 1.2.0 and 1.3.0 (the ones that contain crosslinks). Rejected schema file: mzIdentML1.1.0.xsd | File 190910_A6.mzid is schema invalid."
PXD019868,Validating file mapeixiang_xlink_CD38_2-100.mzid. | No schema location found in the XML document. | File mapeixiang_xlink_CD38_2-100.mzid is schema invalid.
PXD019944,Validating file mapx_xlink_13-4.mzid. | No schema location found in the XML document. | File mapx_xlink_13-4.mzid is schema invalid.
PXD020418,"Validating file Arr_both.mzid. | Sorry, we're only supporting 1.2.0 and 1.3.0 (the ones that contain crosslinks). Rejected schema file: mzIdentML1.1.0.xsd | File Arr_both.mzid is schema invalid."
PXD020666,"Validating file peptides_lz_1_1_0.mzid. | Sorry, we're only supporting 1.2.0 and 1.3.0 (the ones that contain crosslinks). Rejected schema file: mzIdentML1.1.0.xsd | File peptides_lz_1_1_0.mzid is schema invalid."
PXD020958,"Validating file P1-Ya110-DTASelect-filter.mzid. | Sorry, we're only supporting 1.2.0 and 1.3.0 (the ones that contain crosslinks). Rejected schema file: mzIdentML1.1.0.xsd | File P1-Ya110-DTASelect-filter.mzid is schema invalid."
PXD023525,"Validating file E1aE2oDSBU.mzid. | Sorry, we're only supporting 1.2.0 and 1.3.0 (the ones that contain crosslinks). Rejected schema file: mzIdentML1.1.0.xsd | File E1aE2oDSBU.mzid is schema invalid."
PXD024065,"Validating file S282Bpa_Trp-AspN_Xlink1__F002059_.mzid. | Sorry, we're only supporting 1.2.0 and 1.3.0 (the ones that contain crosslinks). Rejected schema file: mzIdentML1.1.0.xsd | File S282Bpa_Trp-AspN_Xlink1__F002059_.mzid is schema invalid."
PXD024253,Validating file 117-pDSBE-BSA2.mzid. | No schema location found in the XML document. | File 117-pDSBE-BSA2.mzid is schema invalid.
PXD024373,"Validating file 2018_7_52_30_AM_File_Size__774968583__Byte___F022342_.mzid. | Sorry, we're only supporting 1.2.0 and 1.3.0 (the ones that contain crosslinks). Rejected schema file: mzIdentML1.1.0.xsd | File 2018_7_52_30_AM_File_Size__774968583__Byte___F022342_.mzid is schema invalid."
PXD026101,"Validating file 22RV1_mTOR_Veh_Rep1.mzid. | Sorry, we're only supporting 1.2.0 and 1.3.0 (the ones that contain crosslinks). Rejected schema file: mzIdentML1.1.0.xsd | File 22RV1_mTOR_Veh_Rep1.mzid is schema invalid."
PXD026674,"Validating file 2020-05-30-yj-140min-200nl-Yan-Xue-Steve-Jacobsen-3-MORC7-antiFLAG-1-B.mzid. | Sorry, we're only supporting 1.2.0 and 1.3.0 (the ones that contain crosslinks). Rejected schema file: mzIdentML1.1.0.xsd | File 2020-05-30-yj-140min-200nl-Yan-Xue-Steve-Jacobsen-3-MORC7-antiFLAG-1-B.mzid ..."
PXD026829,"Error: Element '{http://psidev.info/psi/pi/mzIdentML/1.2}cvParam': The attribute 'accession' is required but missing., Line: 15917 | Error: Element '{http://psidev.info/psi/pi/mzIdentML/1.2}cvParam': The attribute 'name' is required but missing., Line: 15917 | File BphP_dimer_DSP.mzid is schema inva..."
PXD027149,"Validating file 26_V10.mzid. | Sorry, we're only supporting 1.2.0 and 1.3.0 (the ones that contain crosslinks). Rejected schema file: mzIdentML1.1.0.xsd | File 26_V10.mzid is schema invalid."
PXD028919,"Validating file 20190717_nst9054_19-1819_Troyanovsky_01__F024467_.mzid. | Sorry, we're only supporting 1.2.0 and 1.3.0 (the ones that contain crosslinks). Rejected schema file: mzIdentML1.1.0.xsd | File 20190717_nst9054_19-1819_Troyanovsky_01__F024467_.mzid is schema invalid."
PXD031159,Validating file 20200112_MBPZ_E24B3_E25Q_AFFI_4A7K8Q.mzid. | No schema location found in the XML document. | File 20200112_MBPZ_E24B3_E25Q_AFFI_4A7K8Q.mzid is schema invalid.
PXD031385,"Validating file MSB51071A__F172197_.mzid. | Sorry, we're only supporting 1.2.0 and 1.3.0 (the ones that contain crosslinks). Rejected schema file: mzIdentML1.1.0.xsd | File MSB51071A__F172197_.mzid is schema invalid."
PXD033175,"Validating file 04122018_Gavis_YP_285_egfp_glo_unXlink.mzid. | Sorry, we're only supporting 1.2.0 and 1.3.0 (the ones that contain crosslinks). Rejected schema file: mzIdentML1.1.0.xsd | File 04122018_Gavis_YP_285_egfp_glo_unXlink.mzid is schema invalid."
PXD033615,"File ""src/lxml/parser.pxi"", line 672, in lxml.etree._raiseParseError | File ""549255_KDM2_BioTAP.mzid"", line 14340 | lxml.etree.XMLSyntaxError: attributes construct error, line 14340, column 168"
PXD038128,"Validating file 190627_VLopez_Khavari_9923_PR1_VLP_PBS_m1.raw_20190702_Byonic.mzid. | Sorry, we're only supporting 1.2.0 and 1.3.0 (the ones that contain crosslinks). Rejected schema file: mzIdentML1.1.0.xsd | File 190627_VLopez_Khavari_9923_PR1_VLP_PBS_m1.raw_20190702_Byonic.mzid is schema invalid."
PXD041334,"File ""src/lxml/parser.pxi"", line 672, in lxml.etree._raiseParseError | File ""560151_293_Myc_CBioTAP_IP.mzid"", line 13600 | lxml.etree.XMLSyntaxError: attributes construct error, line 13600, column 164"
PXD046895,"Validating file R545-Xlink_Craig_F020244.mzid. | Sorry, we're only supporting 1.2.0 and 1.3.0 (the ones that contain crosslinks). Rejected schema file: mzIdentML1.1.0.xsd | File R545-Xlink_Craig_F020244.mzid is schema invalid."
PXD051423,"Error: Element '{http://psidev.info/psi/pi/mzIdentML/1.2}cvParam': The attribute 'cvRef' is required but missing., Line: 10152 | Error: Element '{http://psidev.info/psi/pi/mzIdentML/1.2}cvParam': The attribute 'accession' is required but missing., Line: 10152 | File E240411_AMC_Mart_LDLandLDLR_Sulfo..."
PXD051588,"Error: Element '{http://psidev.info/psi/pi/mzIdentML/1.2}cvParam': The attribute 'cvRef' is required but missing., Line: 8279 | Error: Element '{http://psidev.info/psi/pi/mzIdentML/1.2}cvParam': The attribute 'accession' is required but missing., Line: 8279 | File E240418_AMC_Mart_LDLandLDLR_SulfoSD..."
PXD053253,"Validating file Experiment_JMS987_S2_TH_NT_2_from_JMS987_Fusion_S2_TH_NT_2.mzid. | Sorry, we're only supporting 1.2.0 and 1.3.0 (the ones that contain crosslinks). Rejected schema file: mzIdentML1.1.0.xsd | File Experiment_JMS987_S2_TH_NT_2_from_JMS987_Fusion_S2_TH_NT_2.mzid is schema invalid."
PXD053415,"Validating file Experiment_RA912_6MAM_from_RA912_66MAM.mzid. | Sorry, we're only supporting 1.2.0 and 1.3.0 (the ones that contain crosslinks). Rejected schema file: mzIdentML1.1.0.xsd | File Experiment_RA912_6MAM_from_RA912_66MAM.mzid is schema invalid."
PXD055405,"Validating file mascot_daemon_merge__20161015_HM_Substrates_LAP_her2-18_.mzid. | Sorry, we're only supporting 1.2.0 and 1.3.0 (the ones that contain crosslinks). Rejected schema file: mzIdentML1.1.0.xsd | File mascot_daemon_merge__20161015_HM_Substrates_LAP_her2-18_.mzid is schema invalid."
PXD055411,"Validating file mascot_daemon_merge__LAP_BT474_N3_MATX_.mzid. | Sorry, we're only supporting 1.2.0 and 1.3.0 (the ones that contain crosslinks). Rejected schema file: mzIdentML1.1.0.xsd | File mascot_daemon_merge__LAP_BT474_N3_MATX_.mzid is schema invalid."
PXD055603,"Validating file mascot_daemon_merge__20161201_HM_2DE_RESISTANCE_N2_.mzid. | Sorry, we're only supporting 1.2.0 and 1.3.0 (the ones that contain crosslinks). Rejected schema file: mzIdentML1.1.0.xsd | File mascot_daemon_merge__20161201_HM_2DE_RESISTANCE_N2_.mzid is schema invalid."
PXD028039,2026-02-05 14:53:52 - parser.process_dataset - INFO - parsing AnalysisProtocolCollection - done. Time: 0.0 sec | Error parsing Tryp_Xi1.7.4.mzid | Missing peak list file: 3324_AJ_Tetramer-Tryp.mgf
PXD025728,2026-02-05 14:55:09 - parser.process_dataset - INFO - parsing AnalysisProtocolCollection - done. Time: 0.0 sec | Error parsing RORg2_SRC3_XL-MS_Search.mzid | Missing peak list file: RORg2_SRC3_XL-MS_Search.mzML
PXD029252,2026-02-05 14:55:30 - parser.process_dataset - INFO - parsing AnalysisProtocolCollection - done. Time: 0.0 sec | Error parsing QExHFX3_RSLC10_DSSO_mainlib_SECall_KK_1FDR_linkandCSM_671fasta_Xi1.7.6.5.mzid | Missing peak list file: 20210203_QExHFX3_RSLC10_DSSO_mainlib_1_5HEK_SEC_fraction_11.mgf
PXD041955,2026-02-05 15:00:27 - parser.process_dataset - INFO - parsing AnalysisProtocolCollection - done. Time: 0.0 sec | Error parsing 20211219_Eclipse_LC4_G2_Trap_backflash_Peplib20_DSBSO_pl2_MS3_OTOTOT.mzid | Missing peak list file: 20211219_Eclipse_LC4_G2_Trap_backflash_Peplib20_DSBSO_pl2_MS3_OTOTOT.mzML
PXD042549,2026-02-05 15:00:30 - parser.process_dataset - INFO - parsing AnalysisProtocolCollection - done. Time: 0.0 sec | Error parsing QX28987AG.mzid | Missing peak list file: QX28987AG.mzML
PXD046392,2026-02-05 15:00:32 - parser.process_dataset - INFO - parsing AnalysisProtocolCollection - done. Time: 0.0 sec | Error parsing QBP_XL_BS3_replicates_d4_apo.mzid | Missing peak list file: GlnH_XL_BS3_replicates_d4_apo.mzML
PXD046634,2026-02-05 15:00:35 - parser.process_dataset - INFO - parsing AnalysisProtocolCollection - done. Time: 0.0 sec | Error parsing CtRoco-GTPgS.mzid | Missing peak list file: CtRoco-GTPgS.mzML
PXD051886,2026-02-05 15:20:03 - parser.process_dataset - INFO - parse db sequences - start | Error parsing 231205_Borsellini_AB4_5pc_10pcppi_boostBetween_prefilers.mzid | INSERT value for column dbsequence.sequence is explicitly rendered as a boundparameter in the VALUES clause; a Python-side value or SQL exp...
PXD052584,2026-02-05 15:20:12 - parser.process_dataset - INFO - parsing AnalysisProtocolCollection - done. Time: 0.0 sec | Error parsing 20210303_AN_DSSOXL_HisSARSCoV2N_28-2_soln5_50x.mzid | Missing peak list file: 20210303_AN_DSSOXL_HisSARSCoV2N_28-2_soln5_50x.mzML
PXD053341,2026-02-05 15:29:02 - parser.process_dataset - INFO - parse db sequences - start | Error parsing 240306_Syed_SNAPCDNA_boostBetween_nocons.mzid | INSERT value for column dbsequence.sequence is explicitly rendered as a boundparameter in the VALUES clause; a Python-side value or SQL expression is requi...
PXD053636,2026-02-05 15:29:06 - parser.process_dataset - INFO - parsing AnalysisProtocolCollection - done. Time: 0.0 sec | Error parsing QE42756GFH.mzid | Missing peak list file: QE42756GFH.mzML
PXD055077,2026-02-05 15:29:09 - parser.process_dataset - INFO - parsing AnalysisProtocolCollection- start | Error parsing SUMOylation_PhoX_TBDSPP_FAIMS_140823.mzid | list index out of range
PXD055147,2026-02-05 15:33:35 - parser.process_dataset - INFO - parse peptide evidences - done. Time: 1.46 sec | Error parsing Pombe_CCR4NOT_SDA_filter1LinkFDRBB.mzid | DBSequence Q09818 has no sequence.PXD059096,Validation timed out
PXD059974,"Validating file WT_DHSO_25mM_Dimer_DDA_2.mzid. | Sorry, we're only supporting 1.2.0 and 1.3.0 (the ones that contain crosslinks). Rejected schema file: mzIdentML1.1.0.xsd | File WT_DHSO_25mM_Dimer_DDA_2.mzid is schema invalid."
PXD060469,2026-02-05 20:10:23 - parser.process_dataset - INFO - parsing AnalysisProtocolCollection - done. Time: 0.0 sec | Error parsing 4A_DSSO_Mono_XL_1.mzid | Missing peak list file: 4A_DSSO_Mono_XL_1.mzML
PXD062002,"Validating file 5mM_DSG.mzid. | Sorry, we're only supporting 1.2.0 and 1.3.0 (the ones that contain crosslinks). Rejected schema file: mzIdentML1.1.0.xsd | File 5mM_DSG.mzid is schema invalid."
PXD065782,2026-02-05 20:13:37 - parser.process_dataset - INFO - parsing AnalysisProtocolCollection - done. Time: 0.0 sec | Error parsing 5073_IM_Dimer_DSSO_Tryp.mzid | Missing peak list file: 5073_IM_B3_B4_Tryp_S04.mgf
PXD068080,2026-02-05 20:13:40 - parser.process_dataset - INFO - parsing AnalysisProtocolCollection - done. Time: 0.0 sec | Error parsing 20230801_bkc_24-0357_Antony_Deveryshetty_08_hPRA_T191D_plusd7_25.mzid | Missing peak list file: 20230801_bkc_24-0357_Antony_Deveryshetty_08_hPRA_T191D_plusd7_25.mzML
PXD059096,"Error: Element '{http://psidev.info/psi/pi/mzIdentML/1.2}PeptideEvidence': Duplicate key-sequence ['PE_3581_XL_-354_3581_243_251_-4188399694065697939'] in unique identity-constraint '{http://psidev.info/psi/pi/mzIdentML/1.2}PK_SCPEPEVLIPEPEV'., Line: 1010462 | Error: Element '{http://psidev.info/psi..."
PXD001593,"Validating file 83CWS_1Apr2010undigestedF059905.mzid. | Sorry, we're only supporting 1.2.0 and 1.3.0 (the ones that contain crosslinks). Rejected schema file: mzIdentML1.1.0.xsd | File 83CWS_1Apr2010undigestedF059905.mzid is schema invalid."
PXD003532,"Validating file Experimentmaxquantresults_16_1K1fromQEPlus2_12172015_16_1K1.mzid. | Sorry, we're only supporting 1.2.0 and 1.3.0 (the ones that contain crosslinks). Rejected schema file: mzIdentML1.1.0.xsd | File Experimentmaxquantresults_16_1K1fromQEPlus2_12172015_16_1K1.mzid is schema invalid."
PXD005461,"Validating file OBJ7527_F059818.mzid. | Sorry, we're only supporting 1.2.0 and 1.3.0 (the ones that contain crosslinks). Rejected schema file: mzIdentML1.1.0.xsd | File OBJ7527_F059818.mzid is schema invalid."
PXD009239,"Validating file FileName_DCP-SM-Pri-1Phos1.rawF031158.mzid. | Sorry, we're only supporting 1.2.0 and 1.3.0 (the ones that contain crosslinks). Rejected schema file: mzIdentML1.1.0.xsd | File FileName_DCP-SM-Pri-1Phos1.rawF031158.mzid is schema invalid."
PXD012753,"Validating file F009919_MouseSkinDermis_Urea_YoungOldOVX.mzid. | Sorry, we're only supporting 1.2.0 and 1.3.0 (the ones that contain crosslinks). Rejected schema file: mzIdentML1.1.0.xsd | File F009919_MouseSkinDermis_Urea_YoungOldOVX.mzid is schema invalid."
PXD001593,"Validating file 75CWI-US_1apr10undigestedF059900.mzid. | Sorry, we're only supporting 1.2.0 and 1.3.0 (the ones that contain crosslinks). Rejected schema file: mzIdentML1.1.0.xsd | File 75CWI-US_1apr10undigestedF059900.mzid is schema invalid."
PXD003532,"Validating file Experimentmaxquantresults_8_1W4fromQEPlus2_12172015_8_1W4.mzid. | Sorry, we're only supporting 1.2.0 and 1.3.0 (the ones that contain crosslinks). Rejected schema file: mzIdentML1.1.0.xsd | File Experimentmaxquantresults_8_1W4fromQEPlus2_12172015_8_1W4.mzid is schema invalid."
PXD005461,"Validating file OBJ7527_F059818.mzid. | Sorry, we're only supporting 1.2.0 and 1.3.0 (the ones that contain crosslinks). Rejected schema file: mzIdentML1.1.0.xsd | File OBJ7527_F059818.mzid is schema invalid."
PXD009239,"Validating file FileName_SM-3-STD-3.rawF031163.mzid. | Sorry, we're only supporting 1.2.0 and 1.3.0 (the ones that contain crosslinks). Rejected schema file: mzIdentML1.1.0.xsd | File FileName_SM-3-STD-3.rawF031163.mzid is schema invalid."
PXD012753,"Validating file F009919_MouseSkinDermis_Urea_YoungOldOVX.mzid. | Sorry, we're only supporting 1.2.0 and 1.3.0 (the ones that contain crosslinks). Rejected schema file: mzIdentML1.1.0.xsd | File F009919_MouseSkinDermis_Urea_YoungOldOVX.mzid is schema invalid."
PXD012754,"Validating file F010084_MouseSkinDermis_NaCl_YoungOld.mzid. | Sorry, we're only supporting 1.2.0 and 1.3.0 (the ones that contain crosslinks). Rejected schema file: mzIdentML1.1.0.xsd | File F010084_MouseSkinDermis_NaCl_YoungOld.mzid is schema invalid."
PXD015981,"Validating file H_FFPE_8A.mzid. | Sorry, we're only supporting 1.2.0 and 1.3.0 (the ones that contain crosslinks). Rejected schema file: mzIdentML1.1.0.xsd | File H_FFPE_8A.mzid is schema invalid."
PXD015982,"Validating file 20150517_Fisher_Skin_1257_3050_forearm_CNBr_01F100805.mzid. | Sorry, we're only supporting 1.2.0 and 1.3.0 (the ones that contain crosslinks). Rejected schema file: mzIdentML1.1.0.xsd | File 20150517_Fisher_Skin_1257_3050_forearm_CNBr_01F100805.mzid is schema invalid."
PXD018600,"Validating file CSL9686A9RW2_C3_118_peptides_1_1_0.mzid. | Sorry, we're only supporting 1.2.0 and 1.3.0 (the ones that contain crosslinks). Rejected schema file: mzIdentML1.1.0.xsd | File CSL9686A9RW2_C3_118_peptides_1_1_0.mzid is schema invalid."
PXD018687,"Validating file SHR_2_DC25.mzid. | Sorry, we're only supporting 1.2.0 and 1.3.0 (the ones that contain crosslinks). Rejected schema file: mzIdentML1.1.0.xsd | File SHR_2_DC25.mzid is schema invalid."
PXD022163,"Validating file Mudpit_93_24_1.mzid. | Sorry, we're only supporting 1.2.0 and 1.3.0 (the ones that contain crosslinks). Rejected schema file: mzIdentML1.1.0.xsd | File Mudpit_93_24_1.mzid is schema invalid."
PXD022279,"Validating file 2020-02-11-yj-backus-jcII15.mzid. | Sorry, we're only supporting 1.2.0 and 1.3.0 (the ones that contain crosslinks). Rejected schema file: mzIdentML1.1.0.xsd | File 2020-02-11-yj-backus-jcII15.mzid is schema invalid."
PXD022440,"Validating file IP_15min_Plk1F064863.mzid. | Sorry, we're only supporting 1.2.0 and 1.3.0 (the ones that contain crosslinks). Rejected schema file: mzIdentML1.1.0.xsd | File IP_15min_Plk1F064863.mzid is schema invalid."
PXD026622,"Validating file Anish_iTRAQ_3h_SPSMS3_fraction1_12.mzid. | Sorry, we're only supporting 1.2.0 and 1.3.0 (the ones that contain crosslinks). Rejected schema file: mzIdentML1.1.0.xsd | File Anish_iTRAQ_3h_SPSMS3_fraction1_12.mzid is schema invalid."
PXD028685,"Validating file Belogurov_014_20210327_ZR_ES-4.mzid. | Sorry, we're only supporting 1.2.0 and 1.3.0 (the ones that contain crosslinks). Rejected schema file: mzIdentML1.1.0.xsd | File Belogurov_014_20210327_ZR_ES-4.mzid is schema invalid."
PXD029749,"Validating file 211021L-BY116_518_CF-trypsin_13-iso-2OH.mzid. | Sorry, we're only supporting 1.2.0 and 1.3.0 (the ones that contain crosslinks). Rejected schema file: mzIdentML1.1.0.xsd | File 211021L-BY116_518_CF-trypsin_13-iso-2OH.mzid is schema invalid."
PXD029833,"Validating file export_Mzidentml_F138353.mzid. | Sorry, we're only supporting 1.2.0 and 1.3.0 (the ones that contain crosslinks). Rejected schema file: mzIdentML1.1.0.xsd | File export_Mzidentml_F138353.mzid is schema invalid."
PXD030048,"Validating file export_Mzidentml_F004247.mzid. | Sorry, we're only supporting 1.2.0 and 1.3.0 (the ones that contain crosslinks). Rejected schema file: mzIdentML1.1.0.xsd | File export_Mzidentml_F004247.mzid is schema invalid."
PXD031166,"Validating file 005_el-009_F20__F063994_.mzid. | Sorry, we're only supporting 1.2.0 and 1.3.0 (the ones that contain crosslinks). Rejected schema file: mzIdentML1.1.0.xsd | File 005_el-009_F20__F063994_.mzid is schema invalid."
PXD031261,"Validating file Mudpit_2-_1___2.mzid. | Sorry, we're only supporting 1.2.0 and 1.3.0 (the ones that contain crosslinks). Rejected schema file: mzIdentML1.1.0.xsd | File Mudpit_2-_1___2.mzid is schema invalid."
PXD035201,"Validating file 20210625_Rix_Yi_Exclusion_FBDD_95_1.raw__F002658_.mzid. | Sorry, we're only supporting 1.2.0 and 1.3.0 (the ones that contain crosslinks). Rejected schema file: mzIdentML1.1.0.xsd | File 20210625_Rix_Yi_Exclusion_FBDD_95_1.raw__F002658_.mzid is schema invalid."
